"alert_id","account_masked","region","alert_type","transaction_amount","prior_alerts_90d","account_age_days","days_since_last_txn","risk_score","analyst_confidence","fraud_confirmed","analyst_id","investigation_complete","escalation_date","client_segment"
"ALT-10433218","j***@ms***.org","Southeast","Geographic Anomaly","92566.47",15,2326,"307.0",0.4768,-1,0,"ANL-018","Yes","2024-09-13","Business"
"ALT-19600133","m***@ao***.com","International","Geographic Anomaly","270950.48",1,2469,"338.0",0.6877,5,0,"ANL-001","Pending","2024-08-22","Premier"
"ALT-89083863","a***@ms***.org","West","Large Transaction","436472.92",5,1725,"314.0",0.7227,7,1,"ANL-016","Pending","2024-10-14","Business"
"ALT-79402654","l***@ms***.org","Midwest","Account Takeover","366112.45",20,1377,"75.0",0.6925,10,0,"ANL-016","Pending","2024-12-30","Institutional"
"ALT-23511615","t***@ao***.net","Northeast","Geographic Anomaly","403280.58",11,2744,"279.0",0.1344,0,0,"ANL-010","No","2024-01-12","Retail"
"ALT-59407816","j***@ya***.net","Northeast","Velocity Check","329391.69",4,515,"176.0",0.2994,-1,0,"ANL-001","No","2024-01-21","Retail"
"ALT-18495931","c***@co***.net","Northeast","Pattern Match","346138.29",1,703,"150.0",0.3587,8,0,"ANL-014","Yes","2024-05-06","Retail"
"ALT-03413164","u***@co***.net","International","Account Takeover","424597.83",15,1654,"273.0",0.8044,2,0,"ANL-010","No","2024-09-28","Retail"
"ALT-75255341","i***@ic***.com","Midwest","Pattern Match","124834.01",4,2067,"325.0",0.2788,5,1,"ANL-020","No","2024-06-05","Business"
"ALT-92832764","e***@ms***.com","West","Account Takeover","244712.49",14,23,"108.0",0.2107,4,1,"ANL-008","No","2024-06-19","Business"
"ALT-83503056","b***@ao***.net","Northeast","Geographic Anomaly","110604.73",11,2461,"139.0",0.9574,10,0,"ANL-001","Yes","2024-09-07","Retail"
"ALT-41395376","v***@co***.org","International","Large Transaction","493834.0",3,1054,"350.0",0.0089,1,1,"ANL-018","No","2024-07-20","Institutional"
"ALT-72423884","e***@gm***.org","West","Pattern Match","472029.67",14,1831,"271.0",0.9978,6,1,"ANL-012","Pending","2024-03-21","Premier"
"ALT-96965328","p***@ic***.net","Northeast","Pattern Match","19713.42",10,2156,"",0.6768,3,1,"ANL-007","Yes","2024-01-10","Retail"
"ALT-71012269","n***@ve***.net","Northeast","Velocity Check","352787.59",15,3439,"",0.8285,0,1,"ANL-014","Pending","2024-06-26","Retail"
"ALT-16697848","x***@gm***.org","Northeast","Velocity Check","462624.16",5,1305,"212.0",0.2946,3,0,"ANL-018","No","2024-12-16","Retail"
"ALT-01845146","w***@ao***.com","Southeast","Large Transaction","90287.68",13,3200,"272.0",0.0143,5,0,"ANL-014","Pending","2024-06-29","Retail"
"ALT-27048281","k***@ou***.org","Midwest","Account Takeover","283972.62",17,3301,"",0.7379,6,0,"ANL-013","Yes","2024-06-30","Retail"
"ALT-48932528","r***@at***.org","Midwest","Pattern Match","457744.15",11,1135,"248.0",0.8341,6,0,"ANL-008","Yes","11/16/2024","Business"
"ALT-80957015","l***@ms***.net","Southeast","Velocity Check","16973.0",10,2184,"156.0",0.7405,6,1,"ANL-006","Pending","2024-06-03","Retail"
"ALT-43039117","f***@ms***.com","Midwest","Geographic Anomaly","348710.14",12,362,"47.0",0.1429,2,0,"ANL-013","Yes","2024-04-30","Retail"
"ALT-18227824","j***@ya***.net","Northeast","Large Transaction","148674.51",20,3258,"201.0",0.7534,5,1,"ANL-013","Pending","2024-09-13","Institutional"
"ALT-89638346","e***@ic***.org","Southeast","Pattern Match","462198.1",10,2177,"148.0",0.7689,7,1,"ANL-008","No","2024-05-21","Business"
"ALT-57871331","z***@ms***.com","Southeast","Account Takeover","485529.12",15,1900,"124.0",0.6585,3,1,"ANL-009","No","2024-02-01","Institutional"
"ALT-50983930","v***@co***.org","Midwest","Account Takeover","472133.25",14,1285,"1.0",0.7661,7,1,"ANL-003","Yes","2024-11-16","Retail"
"ALT-10310518","c***@ou***.net","West","Large Transaction","237107.11",20,515,"247.0",0.8459,1,0,"ANL-014","No","2024-05-11","Retail"
"ALT-34738299","h***@ic***.net","Northeast","Large Transaction","431021.33",14,449,"343.0",0.6136,9,0,"ANL-008","Yes","2024-07-17","Business"
"ALT-73763116","z***@co***.net","Midwest","Large Transaction","422274.7",3,1924,"",0.0886,8,0,"ANL-017","Yes","2024-01-16","Retail"
"ALT-56670106","i***@ao***.net","Midwest","Velocity Check","159550.24",10,3176,"191.0",0.4876,8,0,"ANL-020","Yes","2024-10-11","Retail"
"ALT-51333872","o***@ya***.net","Northeast","Pattern Match","414457.74",18,1507,"67.0",0.0776,7,0,"ANL-009","Yes","2024-05-23","Business"
"ALT-62473178","b***@ao***.org","Midwest","Account Takeover","18503.83",14,1248,"4.0",0.4075,9,0,"ANL-010","Pending","2024-04-25","Business"
"ALT-10801326","t***@ya***.net","Northeast","Pattern Match","298134.94",3,1856,"303.0",0.4071,9,1,"ANL-018","Pending","2024-03-18","Business"
"ALT-77360260","g***@ms***.com","Northeast","Pattern Match","115004.43",999,874,"294.0",0.066,0,0,"ANL-009","Yes","2024-06-23","Business"
"ALT-64746872","v***@ve***.org","International","Geographic Anomaly","60283.45",12,3563,"143.0",0.3488,1,0,"ANL-014","No","2024-07-20","Business"
"ALT-34309805","j***@ve***.com","International","Account Takeover","38476.61",18,2521,"191.0",0.111,5,0,"ANL-007","Yes","2024-12-02","Retail"
"ALT-00978820","e***@ho***.com","West","Pattern Match","348144.39",1,3082,"21.0",0.8082,9,0,"ANL-003","No","2024-03-11","Retail"
"ALT-81219136","k***@ve***.org","Southeast","VEL","169937.49",13,1429,"227.0",0.9477,4,0,"ANL-006","Pending","2024-02-14","Retail"
"ALT-19399091","o***@ho***.net","Northeast","Velocity Check","362383.39",3,2350,"313.0",0.0723,8,1,"ANL-005","Pending","2024-07-14","Retail"
"ALT-69985435","w***@ho***.com","West","Large Transaction","32678.18",15,2279,"117.0",0.9551,4,0,"ANL-010","Yes","2024-09-23","Institutional"
"ALT-34624751","p***@co***.org","Midwest","Velocity Check","157645.18",20,1755,"302.0",0.5226,1,1,"ANL-004","No","2024-12-13","Business"
"ALT-07991183","f***@co***.org","Northeast","VEL","269745.65",19,923,"142.0",0.2996,9,0,"ANL-015","Yes","2024-11-09","Premier"
"ALT-84251354","b***@gm***.net","Midwest","Geographic Anomaly","395361.58",13,3138,"39.0",0.0769,3,1,"ANL-020","Pending","2024-11-16","Retail"
"ALT-27849808","i***@ou***.com","Northeast","Velocity Check","159376.26",14,2985,"",0.5006,8,0,"ANL-015","Yes","2024-12-17","Retail"
"ALT-41241182","s***@ho***.net","International","Geographic Anomaly","312945.69",2,2160,"",0.7945,0,0,"ANL-009","No","2024-04-26","Retail"
"ALT-44935348","z***@ya***.com","Southeast","Geographic Anomaly","442988.88",7,1037,"333.0",0.7071,10,0,"ANL-020","No","2024-08-01","Retail"
"ALT-74016400","t***@ve***.org","West","Large Transaction","307931.6",15,1417,"207.0",0.0502,-1,1,"ANL-016","","2024-05-03","Retail"
"ALT-52427868","n***@ve***.net","Southeast","Velocity Check","116479.75",9,2548,"210.0",0.0729,6,0,"ANL-007","Yes","2024-10-20","Premier"
"ALT-01128059","p***@ve***.com","Midwest","Geographic Anomaly","12200.4",3,2980,"115.0",0.4029,10,0,"ANL-011","Pending","2024-03-19","Business"
"ALT-82620450","b***@ms***.com","Midwest","Geographic Anomaly","435049.44",999,2646,"225.0",0.2953,2,1,"ANL-001","Yes","2024-08-06","Business"
"ALT-53315869","x***@co***.com","Northeast","Account Takeover","10634.72",1,2282,"134.0",0.2324,9,1,"ANL-005","No","2024-06-08","Business"
"ALT-23226025","k***@ms***.com","International","Geographic Anomaly","437350.84",16,2650,"251.0",0.281,1,0,"ANL-002","Yes","2024-11-05","Institutional"
"ALT-63421607","a***@gm***.org","West","Pattern Match","264468.57",12,314,"219.0",0.8035,8,1,"ANL-018","Yes","2024-06-17","Retail"
"ALT-33754330","x***@ou***.com","International","Geographic Anomaly","469533.85",999,2614,"91.0",0.9292,2,0,"ANL-001","No","2024-08-17","Retail"
"ALT-36541458","w***@co***.net","International","Geographic Anomaly","399391.62",10,3084,"",0.4051,1,0,"ANL-006","Yes","2024-10-04","Retail"
"ALT-68501429","e***@ya***.net","Midwest","Pattern Match","498967.06",6,2257,"46.0",0.9061,7,0,"ANL-004","Yes","2024-03-08","Premier"
"ALT-40196556","q***@ao***.net","International","Large Transaction","175355.91",11,1998,"38.0",0.3215,9,1,"ANL-010","Yes","2024-04-15","Institutional"
"ALT-98169340","f***@ya***.com","Northeast","Velocity Check","383594.15",9,1038,"142.0",0.4764,5,1,"ANL-009","Yes","2024-11-30","Retail"
"ALT-60883561","j***@ic***.net","Northeast","Velocity Check","200965.46",6,1657,"100.0",0.226,5,0,"ANL-005","No","2024-03-11","Premier"
"ALT-59514846","x***@ms***.org","Northeast","Account Takeover","239937.82",12,3490,"328.0",0.6405,9,0,"ANL-015","Pending","2024-10-24","Premier"
"ALT-56482366","q***@co***.net","Southeast","Geographic Anomaly","313752.74",6,3509,"190.0",0.979,10,0,"ANL-001","Yes","2024-10-04","Retail"
"ALT-29946804","v***@ho***.net","Southeast","Account Takeover","436838.56",16,3449,"35.0",0.6035,6,1,"ANL-008","Yes","2024-12-16","Retail"
"ALT-43699577","p***@co***.com","Southeast","Velocity Check","492041.73",9,3092,"147.0",0.3578,6,1,"ANL-003","Yes","2024-04-13","Business"
"ALT-73872148","f***@ve***.com","West","Velocity Check","384136.71",9,2635,"30.0",0.6478,10,0,"ANL-005","Yes","2024-03-11","Institutional"
"ALT-95134332","h***@ou***.org","Southeast","Velocity Check","208883.4",3,1779,"334.0",0.1229,5,1,"ANL-001","No","2024-06-07","Retail"
"ALT-00379176","e***@ou***.org","Southeast","Large Transaction","210678.51",19,1015,"",0.8887,3,1,"ANL-016","No","2024-12-18","Premier"
"ALT-93676320","a***@ao***.org","Midwest","Geographic Anomaly","368791.15",3,1094,"281.0",0.5031,10,0,"ANL-007","Yes","2024-12-27","Retail"
"ALT-16328708","f***@ya***.net","Northeast","Large Transaction","119388.58",6,3283,"344.0",0.4493,8,0,"ANL-011","Yes","2024-09-25","Premier"
"ALT-31727889","w***@gm***.net","West","Large Transaction","55237.07",0,1125,"",0.5859,5,0,"ANL-014","Yes","2024-03-10","Business"
"ALT-57986872","u***@ic***.org","Northeast","Pattern Match","177311.09",11,698,"154.0",0.6248,3,0,"ANL-010","Pending","2024-08-08","Business"
"ALT-77434873","t***@gm***.org","International","Large Transaction","143619.5",12,2180,"102.0",0.0718,2,2,"ANL-016","Pending","2024-03-15","Premier"
"ALT-47143455","b***@ya***.org","West","Geographic Anomaly","148154.07",9,1405,"215.0",0.6826,3,0,"ANL-012","Yes","2024-12-01","Premier"
"ALT-81223623","a***@gm***.org","Northeast","Account Takeover","116803.88",14,1156,"150.0",0.2419,2,1,"ANL-015","Yes","2024-10-16","Premier"
"ALT-16658760","d***@ve***.net","Northeast","Large Transaction","21046.6",12,1044,"83.0",0.714,1,0,"ANL-002","Pending","2024-03-21","Retail"
"ALT-36690967","m***@ya***.org","West","Geographic Anomaly","8936.98",20,1930,"110.0",0.8225,4,0,"ANL-011","Pending","2024-06-11","Business"
"ALT-05466889","i***@at***.org","West","VEL","493861.19",8,2584,"275.0",0.804,1,0,"ANL-003","Yes","2024-02-04","Retail"
"ALT-37346706","e***@ou***.org","West","Pattern Match","213886.57",8,1014,"201.0",0.5525,5,0,"ANL-005","Yes","2024-10-12","Business"
"ALT-56272980","v***@gm***.net","West","Velocity Check","192163.33",14,227,"284.0",0.5202,2,0,"ANL-002","Yes","2024-09-29","Business"
"ALT-69901627","n***@ya***.org","Northeast","Pattern Match","339823.64",9,3226,"173.0",0.1429,5,0,"ANL-009","No","2024-03-01","Business"
"ALT-20465375","q***@ic***.org","Southeast","Large Transaction","109126.95",9,1829,"327.0",0.7753,10,0,"ANL-013","Yes","2024-04-04","Business"
"ALT-56464170","t***@ho***.net","Northeast","Large Transaction","474980.59",7,1493,"",0.2714,-1,0,"ANL-003","Yes","2024-06-11","Institutional"
"ALT-80531003","d***@ms***.org","International","Large Transaction","393172.51",15,822,"63.0",0.4967,8,0,"ANL-018","No","2024-03-15","Retail"
"ALT-30923271","t***@ya***.net","Midwest","Pattern Match","44705.51",16,2024,"73.0",0.2843,0,0,"ANL-016","Yes","2024-01-16","Business"
"ALT-93745299","d***@ya***.net","Southeast","VEL","208790.39",4,871,"251.0",0.1338,5,1,"ANL-006","No","2024-06-12","Retail"
"ALT-12419049","g***@ao***.com","Northeast","Large Transaction","439559.15",3,2453,"124.0",0.6296,8,0,"ANL-007","Yes","2024-07-30","Retail"
"ALT-66319314","y***@ic***.org","Southeast","Geographic Anomaly","472366.01",17,2250,"121.0",0.0543,10,0,"ANL-009","Yes","2024-07-29","Retail"
"ALT-91905865","g***@co***.org","Southeast","VEL","",18,2086,"275.0",0.7486,3,1,"ANL-013","No","2024-06-04","Institutional"
"ALT-18506716","n***@ic***.com","West","Velocity Check","306705.7",3,2990,"120.0",0.3176,10,0,"ANL-001","Yes","2024-08-14","Premier"
"ALT-57262849","b***@ms***.net","Midwest","Velocity Check","83516.98",6,1796,"",0.0001,1,0,"ANL-004","Pending","2024-11-22","Institutional"
"ALT-87769453","g***@at***.net","International","Velocity Check","495584.31",9,188,"164.0",0.5111,3,1,"ANL-008","No","2024-05-20","Institutional"
"ALT-14737996","h***@gm***.com","Midwest","Velocity Check","115835.86",17,1081,"286.0",0.0469,0,0,"ANL-013","Yes","2024-03-18","Retail"
"ALT-50752735","v***@ya***.com","Northeast","Velocity Check","471365.89",18,941,"265.0",0.2762,2,0,"ANL-015","No","2024-04-06","Retail"
"ALT-45494808","s***@at***.com","West","Geographic Anomaly","324823.33",3,3092,"320.0",0.707,9,1,"ANL-008","Yes","2024-02-24","Business"
"ALT-31367837","c***@ms***.com","West","Velocity Check","303868.4",9,2321,"161.0",0.0627,8,1,"ANL-002","Pending","2024-03-08","Business"
"ALT-77014363","x***@ya***.net","Midwest","Large Transaction","256344.26",0,3191,"308.0",0.8393,9,1,"ANL-007","Yes","2024-04-04","Business"
"ALT-49578856","u***@ou***.net","West","Pattern Match","115334.91",17,2631,"89.0",0.0038,4,0,"ANL-015","No","2024-01-14","Retail"
"ALT-85574443","j***@ic***.net","Midwest","Large Transaction","88264.02",4,2564,"142.0",0.2468,10,0,"ANL-004","","2024-11-09","Business"
"ALT-13518233","b***@ya***.com","Midwest","Geographic Anomaly","110243.11",14,3293,"203.0",0.7409,5,0,"ANL-017","Yes","2024-11-11","Business"
"ALT-74989413","b***@ic***.net","Midwest","Velocity Check","93219.14",16,526,"309.0",0.3163,2,0,"ANL-007","Pending","2024-05-16","Retail"
"ALT-43524082","z***@co***.net","Northeast","Velocity Check","389792.24",2,3587,"227.0",0.1019,4,0,"ANL-016","Pending","2024-11-06","Business"
"ALT-40084271","x***@ya***.com","Northeast","Velocity Check","175062.64",11,336,"334.0",0.3602,10,0,"ANL-013","Yes","2024-10-17","Business"
"ALT-09477752","y***@gm***.com","Northeast","Velocity Check","28921.35",1,2746,"222.0",0.2704,7,1,"ANL-010","Yes","2024-11-09","Business"
"ALT-04711671","e***@ho***.net","Midwest","Large Transaction","484551.32",0,1079,"41.0",0.8427,5,0,"ANL-011","","2024-04-28","Retail"
"ALT-90229413","l***@at***.org","Southeast","Velocity Check","441892.94",20,2548,"196.0",0.3133,3,0,"ANL-006","Pending","2024-11-01","Premier"
"ALT-18699938","i***@ya***.net","Midwest","Velocity Check","463876.14",16,2948,"68.0",0.7889,1,0,"ANL-002","Yes","2024-04-28","Retail"
"ALT-67749649","k***@ho***.com","International","Velocity Check","497453.91",15,2814,"264.0",0.8919,8,0,"ANL-018","No","2024-04-28","Retail"
"ALT-90913341","m***@ve***.net","Southeast","Large Transaction","86947.63",4,2584,"2.0",0.4338,0,0,"ANL-017","Yes","2024-12-17","Premier"
"ALT-23281206","i***@ve***.org","Southeast","Velocity Check","198121.02",14,162,"361.0",0.9099,0,0,"ANL-004","Pending","2024-01-14","Business"
"ALT-79740344","p***@ve***.org","West","Large Transaction","379119.24",2,594,"125.0",0.3773,3,0,"ANL-009","Yes","2024-07-02","Retail"
"ALT-71349361","z***@ho***.com","Southeast","Geographic Anomaly","348010.31",6,1939,"110.0",0.9641,6,0,"ANL-016","Yes","2024-02-10","Business"
"ALT-83242102","e***@gm***.com","Northeast","Geographic Anomaly","76947.96",10,2207,"86.0",0.0893,0,1,"ANL-010","No","2024-12-18","Business"
"ALT-49947174","d***@ve***.org","Southeast","Velocity Check","407916.56",9,3260,"120.0",0.687,8,1,"ANL-007","Yes","2024-09-01","Premier"
"ALT-64887719","p***@ao***.org","Northeast","Account Takeover","112220.29",8,60,"127.0",0.4938,3,0,"ANL-012","No","2024-03-09","Premier"
"ALT-06594013","o***@ho***.org","International","Geographic Anomaly","111908.82",13,2963,"255.0",0.3876,2,0,"ANL-002","Yes","2024-09-14","Business"
"ALT-99049027","m***@co***.org","West","Velocity Check","268487.22",12,3391,"183.0",0.6327,0,1,"ANL-007","Yes","2024-11-05","Business"
"ALT-87429671","a***@ho***.net","Midwest","Pattern Match","296469.97",1,1902,"16.0",0.7039,9,1,"ANL-004","Yes","2024-08-28","Retail"
"ALT-75655125","p***@ya***.net","International","Pattern Match","290043.11",2,2259,"62.0",0.0044,3,0,"ANL-008","No","2024-12-30","Retail"
"ALT-67468071","o***@gm***.com","West","Velocity Check","-927.59",6,406,"158.0",0.167,-1,1,"ANL-014","Yes","2024-11-28","Business"
"ALT-54516808","i***@co***.com","Northeast","Large Transaction","438730.43",20,664,"",0.713,9,0,"ANL-011","No","2024-07-10","Business"
"ALT-76038597","w***@ms***.org","International","Account Takeover","132800.03",17,1133,"35.0",0.6664,5,1,"ANL-001","Pending","2024-04-04","Business"
"ALT-70348247","s***@ao***.com","Midwest","Account Takeover","64757.47",2,1100,"267.0",0.966,5,1,"ANL-006","No","2024-07-17","Retail"
"ALT-71093248","v***@co***.org","West","Velocity Check","444374.04",9,542,"64.0",0.761,0,0,"ANL-009","Yes","2024-09-08","Retail"
"ALT-08613171","q***@ao***.com","International","Velocity Check","477825.75",6,1338,"50.0",0.9508,9,1,"ANL-019","Yes","2024-08-30","Business"
"ALT-27484677","n***@ou***.net","Southeast","Large Transaction","431063.81",8,998,"255.0",0.7025,1,0,"ANL-004","Yes","2024-03-11","Retail"
"ALT-37826398","l***@ve***.com","Northeast","Large Transaction","404758.04",16,1141,"149.0",0.2981,10,1,"ANL-013","Yes","2024-03-24","Premier"
"ALT-21465840","r***@ao***.com","Southeast","Geographic Anomaly","327620.99",10,2975,"325.0",0.1054,5,0,"ANL-008","Yes","2024-04-08","Retail"
"ALT-44997278","a***@ho***.org","Midwest","Large Transaction","275428.69",6,868,"304.0",0.7818,1,1,"ANL-001","No","2024-04-25","Business"
"ALT-75588675","p***@at***.com","West","Large Transaction","43493.39",13,2067,"",0.6441,2,0,"ANL-002","Yes","2024-01-17","Institutional"
"ALT-33963605","c***@at***.net","International","Account Takeover","204226.61",18,432,"357.0",0.0482,3,0,"ANL-019","Yes","2024-07-28","Retail"
"ALT-76627028","h***@co***.net","Northeast","Velocity Check","186344.26",3,740,"172.0",0.3601,10,0,"ANL-016","Yes","2024-01-08","Business"
"ALT-95171870","b***@ms***.com","Midwest","Large Transaction","129876.9",5,1374,"201.0",0.9568,4,1,"ANL-020","No","2024-05-18","Retail"
"ALT-26217459","r***@ve***.net","Southeast","Account Takeover","361710.06",9,183,"324.0",0.5004,8,1,"ANL-005","Yes","2024-07-30","Business"
"ALT-61586578","h***@ya***.net","Southeast","Pattern Match","247937.87",6,2161,"35.0",0.4327,3,1,"ANL-012","No","2024-04-23","Business"
"ALT-09134316","o***@ao***.net","Northeast","Geographic Anomaly","40523.12",12,1207,"216.0",0.4577,10,1,"ANL-003","Yes","2024-12-09","Business"
"ALT-11724005","c***@at***.net","Southeast","Geographic Anomaly","110091.61",13,2529,"65.0",0.2089,-1,0,"ANL-008","Pending","2024-04-13","Business"
"ALT-04556238","k***@ya***.net","International","Velocity Check","341629.38",3,1170,"",0.3687,10,0,"ANL-006","Pending","2024-04-14","Premier"
"ALT-69222196","x***@gm***.com","Southeast","Large Transaction","38065.44",7,831,"301.0",0.3698,9,0,"ANL-016","Yes","2024-02-03","Retail"
"ALT-93792374","m***@ve***.com","Midwest","Geographic Anomaly","-409.52",4,1652,"343.0",0.0524,2,0,"ANL-003","Yes","2024-03-31","Retail"
"ALT-74074821","r***@ms***.com","West","Velocity Check","247573.27",0,1137,"332.0",0.7676,7,0,"ANL-020","Yes","2024-08-12","Premier"
"ALT-75946474","c***@ao***.org","Southeast","Large Transaction","240293.29",3,2811,"76.0",0.4165,0,0,"ANL-011","Yes","2024-11-11","Business"
"ALT-36713695","u***@ic***.org","International","Large Transaction","296203.9",2,476,"174.0",1.3234,10,0,"ANL-002","No","2024-09-07","Premier"
"ALT-94406409","r***@ou***.org","International","Velocity Check","",8,2811,"47.0",0.8503,8,0,"ANL-002","Pending","2024-12-18","Business"
"ALT-09743953","v***@at***.net","Southeast","Large Transaction","173904.61",7,1327,"15.0",0.212,8,0,"ANL-012","No","2024-06-15","Premier"
"ALT-39421047","l***@gm***.com","Midwest","Velocity Check","339008.08",0,971,"361.0",0.6574,9,0,"ANL-005","Pending","2024-08-22","Business"
"ALT-09521456","o***@co***.org","Southeast","Large Transaction","282865.99",5,1020,"147.0",0.4723,1,1,"ANL-018","Yes","2024-05-06","Premier"
"ALT-23285884","y***@ao***.org","Southeast","Velocity Check","133514.14",8,1142,"26.0",0.8802,3,1,"ANL-004","Yes","2024-08-06","Institutional"
"ALT-24745171","p***@co***.org","Northeast","Pattern Match","439314.99",6,1837,"",0.2157,7,1,"ANL-005","No","2024-07-26","Business"
"ALT-23685160","o***@ya***.com","Midwest","VEL","398713.01",3,161,"93.0",0.6778,6,2,"ANL-016","Yes","2024-01-22","Retail"
"ALT-48175496","y***@ou***.com","Midwest","Geographic Anomaly","329225.92",12,2449,"232.0",0.6078,0,0,"ANL-008","No","2024-11-07","Retail"
"ALT-51370985","k***@co***.org","Northeast","Account Takeover","425290.87",16,198,"21.0",0.2953,4,1,"ANL-011","Yes","2024-07-13","Retail"
"ALT-93174612","z***@ic***.org","Southeast","Large Transaction","-4702.78",1,1284,"307.0",0.1366,6,0,"ANL-018","Yes","2024-06-09","Retail"
"ALT-00471138","q***@co***.org","International","Velocity Check","354181.49",4,660,"38.0",0.6516,3,0,"ANL-012","Pending","2024-07-20","Retail"
"ALT-26758692","d***@gm***.com","Southeast","Geographic Anomaly","418506.67",11,1776,"276.0",0.7386,0,0,"ANL-015","Yes","2024-11-09","Business"
"ALT-61796405","p***@ho***.org","Northeast","Geographic Anomaly","348735.73",20,1071,"157.0",0.3156,8,0,"ANL-007","Pending","2024-10-19","Business"
"ALT-37735158","x***@ve***.com","Midwest","Account Takeover","340070.39",7,2011,"179.0",0.6448,4,0,"ANL-001","Pending","2024-10-31","Business"
"ALT-50643171","i***@ao***.com","International","Large Transaction","309305.69",5,399,"132.0",0.3951,10,0,"ANL-013","No","2024-10-01","Business"
"ALT-39005329","g***@ya***.net","Southeast","Velocity Check","376358.32",7,1734,"311.0",0.7132,-1,0,"ANL-012","No","2024-09-25","Retail"
"ALT-31839335","g***@at***.com","West","Large Transaction","79302.56",17,1583,"348.0",0.1992,7,0,"ANL-005","No","2024-11-24","Retail"
"ALT-29042284","w***@co***.com","West","Large Transaction","440435.38",2,2126,"28.0",0.8902,-1,0,"ANL-009","Pending","2024-12-26","Retail"
"ALT-21020539","y***@ve***.com","Southeast","Geographic Anomaly","435921.77",11,2172,"",0.2874,1,1,"ANL-002","Yes","2024-01-20","Business"
"ALT-50240268","u***@ao***.com","West","Geographic Anomaly","14623.65",2,75,"76.0",0.3678,2,0,"ANL-016","No","2024-09-23","Retail"
"ALT-11775891","y***@at***.net","Southeast","Large Transaction","-125.27",5,2185,"67.0",0.0581,9,0,"ANL-015","No","2024-02-25","Retail"
"ALT-78390847","v***@ao***.org","Midwest","Pattern Match","64434.94",1,602,"342.0",0.1115,0,1,"ANL-018","Yes","2024-08-19","Business"
"ALT-00766177","e***@at***.com","Midwest","Geographic Anomaly","-3641.58",11,3472,"194.0",0.5159,10,0,"ANL-010","Yes","2024-08-21","Premier"
"ALT-11592124","q***@gm***.org","Midwest","Velocity Check","371754.13",1,837,"162.0",0.2676,1,0,"ANL-018","Yes","2024-01-22","Retail"
"ALT-99856984","n***@ao***.net","Northeast","Velocity Check","80379.96",5,1529,"347.0",0.8355,6,0,"ANL-016","No","2024-05-05","Business"
"ALT-78961183","q***@ho***.org","West","Velocity Check","408983.51",16,500,"361.0",0.0147,9,0,"ANL-007","Pending","2024-09-22","Business"
"ALT-67365766","s***@ho***.org","Southeast","Velocity Check","416067.09",2,1597,"257.0",1.4851,1,0,"ANL-019","Yes","2024-10-02","Premier"
"ALT-15654527","e***@ya***.net","Northeast","Velocity Check","253733.87",1,138,"72.0",0.3373,5,1,"ANL-006","Pending","2024-07-21","Institutional"
"ALT-11116152","v***@ao***.org","Northeast","Velocity Check","3192.95",19,2098,"87.0",0.0193,2,0,"ANL-018","No","2024-01-21","Retail"
"ALT-80988516","k***@ms***.net","Midwest","Large Transaction","143519.07",7,1795,"262.0",0.1244,3,0,"ANL-012","Pending","2024-10-12","Retail"
"ALT-56049451","n***@ao***.org","West","Velocity Check","308463.46",11,973,"214.0",0.4136,10,0,"ANL-011","No","2024-07-17","Premier"
"ALT-98327315","y***@ou***.net","Northeast","Pattern Match","490593.09",3,1643,"153.0",0.4929,7,0,"ANL-015","No","2024-09-21","Business"
"ALT-85149368","m***@co***.net","Midwest","VEL","315906.77",4,1886,"210.0",0.4043,2,0,"ANL-009","Yes","2024-11-18","Business"
"ALT-99809402","o***@ho***.com","Southeast","Geographic Anomaly","129901.8",12,2302,"61.0",0.5309,9,0,"ANL-020","Pending","2024-01-26","Business"
"ALT-44550229","n***@ao***.org","West","Large Transaction","317002.86",14,2029,"268.0",0.5951,5,0,"ANL-018","Yes","2024-04-07","Business"
"ALT-61201836","x***@ms***.net","Northeast","VEL","269992.69",15,2758,"262.0",0.0099,0,0,"ANL-006","Pending","2024-05-29","Institutional"
"ALT-67525459","w***@ms***.net","West","Velocity Check","389922.7",9,1901,"218.0",0.4641,6,2,"ANL-003","Pending","2024-08-13","Institutional"
"ALT-91022901","w***@ms***.org","Southeast","Large Transaction","53490.33",15,2611,"283.0",0.9635,-1,0,"ANL-017","Yes","2024-07-22","Premier"
"ALT-47679764","g***@ou***.com","International","Pattern Match","380513.95",11,2805,"136.0",0.519,10,1,"ANL-005","Yes","2024-06-04","Retail"
"ALT-38156149","t***@ic***.org","Northeast","Pattern Match","270633.29",16,1450,"362.0",0.6775,7,0,"ANL-015","No","2024-05-26","Premier"
"ALT-78403690","l***@ho***.org","Southeast","Account Takeover","481496.0",15,547,"93.0",0.3119,2,0,"ANL-010","Yes","2024-08-24","Retail"
"ALT-03432445","u***@ho***.org","Northeast","Large Transaction","170936.09",11,3374,"109.0",0.774,9,0,"ANL-009","Pending","2024-03-26","Retail"
"ALT-10762268","r***@co***.org","International","Velocity Check","316310.95",7,922,"",0.7729,0,1,"ANL-018","Yes","2024-08-04","Premier"
"ALT-38851606","d***@co***.org","International","Geographic Anomaly","466014.05",19,581,"355.0",0.5213,8,0,"ANL-012","Yes","2024-05-30","Retail"
"ALT-07159696","p***@ao***.org","Southeast","Pattern Match","51254.87",2,1373,"142.0",0.976,5,0,"ANL-015","Pending","2024-11-09","Retail"
"ALT-64160529","v***@ve***.org","West","Geographic Anomaly","468614.24",15,1957,"291.0",0.1256,10,1,"ANL-001","No","2024-01-28","Retail"
"ALT-75161369","x***@ms***.net","West","Geographic Anomaly","343942.86",12,2004,"237.0",0.0169,8,1,"ANL-017","Pending","2024-12-19","Premier"
"ALT-68164535","n***@gm***.org","Midwest","Large Transaction","33918.54",18,2097,"340.0",0.7702,-1,0,"ANL-013","Yes","2024-09-21","Business"
"ALT-21818835","d***@gm***.net","Midwest","Account Takeover","150481.79",7,2965,"312.0",0.8072,0,0,"ANL-006","No","2024-03-13","Business"
"ALT-52312432","e***@gm***.org","Southeast","Velocity Check","354086.05",4,3146,"177.0",0.1202,0,1,"ANL-001","No","2024-08-25","Retail"
"ALT-92127799","b***@ou***.net","Northeast","Large Transaction","",19,704,"141.0",0.2656,5,1,"ANL-020","No","2024-11-26","Premier"
"ALT-79955271","y***@ho***.net","International","Large Transaction","291085.23",7,2309,"189.0",0.0176,4,1,"ANL-012","No","2024-08-19","Premier"
"ALT-77449058","v***@ic***.com","International","Geographic Anomaly","172941.54",11,2404,"49.0",0.2933,8,0,"ANL-020","No","2024-02-16","Retail"
"ALT-14770054","b***@ic***.com","Midwest","Velocity Check","310457.76",0,1626,"302.0",0.7731,1,0,"ANL-008","Yes","2024-09-13","Business"
"ALT-11998679","y***@ms***.com","Southeast","Velocity Check","22871.03",20,3332,"190.0",0.518,7,0,"ANL-011","Yes","2024-02-27","Retail"
"ALT-80793597","l***@at***.com","Southeast","VEL","435768.4",19,638,"136.0",0.3481,10,1,"ANL-003","No","2024-04-02","Institutional"
"ALT-82071518","t***@ms***.com","West","Large Transaction","486744.48",5,2791,"43.0",0.3717,4,0,"ANL-018","Yes","2024-10-26","Business"
"ALT-20377889","x***@ms***.net","International","Geographic Anomaly","484438.93",17,3367,"353.0",0.0014,1,0,"ANL-013","No","2024-12-22","Institutional"
"ALT-25546659","h***@ms***.org","International","Velocity Check","374825.92",7,1010,"90.0",0.2998,9,1,"ANL-007","Yes","10/06/2024","Retail"
"ALT-05151864","j***@gm***.net","West","Large Transaction","65043.13",6,2979,"",0.6465,10,0,"ANL-017","No","2024-03-10","Premier"
"ALT-49251925","m***@ve***.org","West","Geographic Anomaly","379131.6",0,641,"341.0",0.9742,10,1,"ANL-016","No","2024-07-20","Premier"
"ALT-46291486","k***@ms***.com","Northeast","Velocity Check","12293.47",20,2840,"245.0",0.8471,5,0,"ANL-018","Yes","2024-07-30","Business"
"ALT-52816850","a***@ic***.com","Northeast","Large Transaction","11061.79",15,3385,"192.0",0.0236,9,0,"ANL-005","Yes","2024-06-14","Institutional"
"ALT-54235733","t***@at***.com","International","Velocity Check","161805.12",11,2660,"",0.8986,7,0,"ANL-020","Yes","2024-08-18","Retail"
"ALT-22141888","u***@co***.org","Midwest","Velocity Check","244321.6",5,1862,"106.0",0.7832,3,1,"ANL-010","No","2024-01-13","Retail"
"ALT-05929622","r***@ao***.com","Northeast","Pattern Match","385203.71",19,2857,"363.0",0.7804,1,0,"ANL-011","Pending","2024-04-01","Business"
"ALT-29270653","y***@ou***.net","Northeast","Large Transaction","341647.69",1,1206,"310.0",0.458,10,0,"ANL-014","Yes","2024-08-20","Premier"
"ALT-79473834","o***@ho***.org","West","VEL","",13,686,"233.0",0.398,4,1,"ANL-011","No","2024-10-29","Business"
"ALT-73597746","c***@ho***.com","Northeast","Large Transaction","136813.34",3,1852,"265.0",0.3029,1,0,"ANL-004","Yes","2024-12-30","Retail"
"ALT-88623924","x***@ms***.com","Northeast","Geographic Anomaly","498562.25",0,3436,"344.0",0.0657,1,0,"ANL-004","No","2024-04-13","Business"
"ALT-07581814","m***@gm***.net","Midwest","Account Takeover","213090.66",17,188,"37.0",0.2282,5,0,"ANL-017","Pending","2024-08-20","Retail"
"ALT-12478261","i***@ms***.net","West","Geographic Anomaly","225693.52",12,3641,"305.0",0.2466,-1,0,"ANL-003","Yes","2024-02-16","Business"
"ALT-37506068","e***@ho***.org","West","Large Transaction","81811.92",1,3615,"41.0",0.4841,9,0,"ANL-002","No","2024-05-08","Business"
"ALT-53615305","i***@gm***.net","Southeast","Large Transaction","397404.78",8,1620,"17.0",0.7474,8,0,"ANL-005","Yes","2024-06-14","Premier"
"ALT-15220472","o***@ho***.com","West","Large Transaction","346841.12",20,1688,"344.0",0.4738,3,0,"ANL-006","Yes","2024-12-20","Retail"
"ALT-77901043","e***@co***.org","Southeast","VEL","110384.81",1,985,"277.0",0.0578,5,0,"ANL-002","Yes","2024-11-28","Business"
"ALT-28986143","b***@ao***.org","Southeast","Account Takeover","",8,548,"307.0",0.9578,6,0,"ANL-007","Yes","2024-12-30","Retail"
"ALT-41036971","j***@at***.org","West","Pattern Match","340249.65",0,2773,"59.0",0.9427,10,0,"ANL-004","No","2024-03-24","Retail"
"ALT-17980893","r***@co***.com","West","Velocity Check","327255.61",10,2974,"183.0",0.7852,5,0,"ANL-016","Yes","2024-03-04","Premier"
"ALT-24609539","z***@co***.org","West","Account Takeover","136629.77",2,1432,"41.0",0.9913,7,0,"ANL-007","No","2024-02-16","Institutional"
"ALT-62185188","h***@ho***.org","West","Pattern Match","475431.78",19,876,"39.0",0.5445,3,0,"ANL-004","Yes","2024-02-28","Retail"
"ALT-88806706","c***@ms***.com","Midwest","Velocity Check","75528.95",3,618,"192.0",0.9628,0,0,"ANL-002","Yes","2024-12-27","Premier"
"ALT-54051531","n***@ms***.org","Northeast","Velocity Check","216167.41",17,2462,"267.0",0.0756,6,0,"ANL-019","No","2024-08-18","Premier"
"ALT-95205852","m***@ya***.net","Southeast","Account Takeover","471807.96",5,1366,"147.0",0.3657,2,1,"ANL-013","Pending","2024-11-20","Premier"
"ALT-77221704","h***@ou***.org","Southeast","Geographic Anomaly","209863.66",2,1244,"333.0",0.2254,5,0,"ANL-016","Yes","2024-07-04","Retail"
"ALT-30305486","k***@co***.net","Southeast","Account Takeover","319262.98",10,903,"127.0",0.1958,1,1,"ANL-017","Pending","2024-02-13","Institutional"
"ALT-87403450","j***@ou***.org","International","Velocity Check","198797.21",14,163,"",0.1408,-1,1,"ANL-020","No","2024-09-25","Retail"
"ALT-54156676","q***@at***.org","Southeast","Account Takeover","137107.61",4,1975,"45.0",0.6224,0,0,"ANL-019","No","2024-12-28","Retail"
"ALT-52775841","y***@gm***.com","International","Velocity Check","491988.82",19,3292,"1.0",0.7813,5,0,"ANL-009","No","2024-07-15","Retail"
"ALT-61692845","v***@co***.net","Midwest","Velocity Check","204667.01",9,270,"168.0",0.5783,5,0,"ANL-002","Yes","2024-09-18","Business"
"ALT-11544796","h***@ao***.org","West","Velocity Check","447049.6",11,632,"108.0",0.147,4,1,"ANL-012","Yes","2024-11-09","Retail"
"ALT-27570596","h***@gm***.org","Midwest","Account Takeover","114977.31",14,906,"19.0",0.8111,4,0,"ANL-008","No","2024-03-22","Retail"
"ALT-40165820","k***@ve***.com","Midwest","Geographic Anomaly","",16,3472,"332.0",0.636,0,0,"ANL-020","Yes","2024-07-12","Retail"
"ALT-29702135","m***@ic***.org","Midwest","Geographic Anomaly","15567.05",9,3254,"72.0",0.3882,9,0,"ANL-003","Pending","2024-10-08","Premier"
"ALT-56909275","x***@ic***.com","Northeast","Large Transaction","325833.42",5,2015,"109.0",0.6741,4,1,"ANL-001","Yes","2024-07-13","Premier"
"ALT-57192856","q***@co***.org","West","Pattern Match","",17,1642,"268.0",0.2599,1,1,"ANL-007","Yes","01/23/2024","Retail"
"ALT-54310278","z***@ms***.net","Southeast","Large Transaction","432179.13",12,205,"240.0",0.3452,6,0,"ANL-016","No","2024-03-28","Premier"
"ALT-68144739","p***@gm***.net","Northeast","VEL","236604.96",2,582,"301.0",0.9175,2,0,"ANL-003","Yes","2024-06-20","Premier"
"ALT-47312172","u***@ou***.net","West","Large Transaction","484096.71",9,1580,"90.0",0.2905,3,0,"ANL-015","No","2024-10-16","Premier"
"ALT-71551884","q***@ya***.com","Northeast","Large Transaction","92762.77",13,841,"103.0",1.3028,2,0,"ANL-002","No","2024-12-03","Retail"
"ALT-42258313","f***@ms***.org","International","Large Transaction","434311.59",5,1837,"250.0",0.8901,2,2,"ANL-012","Pending","2024-03-17","Business"
"ALT-23705895","a***@ya***.com","International","Large Transaction","388298.43",2,1252,"8.0",0.7077,3,0,"ANL-018","No","2024-03-24","Institutional"
"ALT-78291146","v***@ou***.org","International","Account Takeover","385460.92",999,1720,"153.0",0.0622,4,0,"ANL-014","No","2024-03-15","Business"
"ALT-78669125","n***@ya***.com","Southeast","Geographic Anomaly","422391.62",6,1643,"347.0",1.0967,0,0,"ANL-012","No","2024-04-01","Retail"
"ALT-17785289","r***@ve***.org","Northeast","Velocity Check","380512.0",19,2644,"174.0",0.0078,3,1,"ANL-002","Pending","2024-12-30","Business"
"ALT-22680182","c***@ho***.com","International","Pattern Match","313110.16",13,2298,"343.0",0.6309,10,1,"ANL-020","Yes","2024-01-27","Business"
"ALT-42253584","o***@co***.com","Midwest","Large Transaction","65622.45",8,875,"158.0",0.4477,-1,0,"ANL-009","Yes","2024-08-02","Business"
"ALT-14384249","c***@ya***.com","International","Geographic Anomaly","16263.1",14,1465,"215.0",0.1343,9,1,"ANL-017","Yes","2024-06-06","Retail"
"ALT-81829922","f***@ic***.org","International","Pattern Match","460423.92",20,3605,"177.0",0.9579,6,0,"ANL-002","","2024-06-07","Retail"
"ALT-99590010","c***@ao***.com","West","Geographic Anomaly","308325.16",2,2244,"175.0",0.5297,8,0,"ANL-003","No","2024-08-16","Premier"
"ALT-94396907","i***@ve***.net","Southeast","Velocity Check","398268.65",1,690,"340.0",0.2419,4,0,"ANL-010","No","2024-05-27","Premier"
"ALT-84473647","o***@ve***.net","Southeast","Pattern Match","240761.18",1,2011,"338.0",0.5006,9,0,"ANL-003","No","2024-11-16","Retail"
"ALT-10276773","k***@gm***.net","West","Geographic Anomaly","58654.1",2,3591,"146.0",0.6796,3,0,"ANL-007","Yes","2024-04-02","Institutional"
"ALT-59255562","v***@ya***.org","Southeast","Large Transaction","62592.9",17,3142,"324.0",0.0762,7,1,"ANL-017","No","2024-03-01","Retail"
"ALT-58815371","a***@ao***.com","Northeast","Velocity Check","342782.65",13,2687,"161.0",0.2747,8,0,"ANL-004","Yes","2024-03-08","Business"
"ALT-47321046","y***@ao***.com","Midwest","Account Takeover","215152.95",19,1423,"127.0",0.807,6,0,"ANL-004","No","2024-04-13","Premier"
"ALT-96325953","w***@ya***.net","International","Geographic Anomaly","100262.37",17,2002,"82.0",0.4597,6,0,"ANL-008","No","2024-01-02","Premier"
"ALT-27877470","q***@ya***.net","West","Geographic Anomaly","245797.28",9,672,"147.0",0.5466,4,0,"ANL-018","Yes","2024-11-14","Institutional"
"ALT-16873395","z***@ic***.org","Midwest","Pattern Match","32104.48",1,3275,"239.0",0.4328,3,1,"ANL-013","Yes","2024-05-09","Retail"
"ALT-00479748","c***@ic***.net","Northeast","Account Takeover","290985.71",0,1172,"84.0",0.0439,9,0,"ANL-007","Yes","2024-01-07","Premier"
"ALT-01624565","m***@ve***.org","Midwest","Velocity Check","134496.71",3,1496,"113.0",0.1657,0,0,"ANL-007","Pending","2024-08-22","Retail"
"ALT-06098358","a***@at***.com","International","Large Transaction","398779.55",13,944,"225.0",0.4455,9,1,"ANL-017","Pending","2024-09-11","Premier"
"ALT-41687849","r***@ou***.com","Northeast","Velocity Check","155180.99",0,2247,"332.0",0.2092,9,0,"ANL-008","No","2024-09-12","Premier"
"ALT-91216558","x***@ve***.org","Midwest","Account Takeover","227610.08",13,1450,"243.0",0.05,6,0,"ANL-019","Yes","2024-10-05","Business"
"ALT-52398680","j***@ho***.net","International","Velocity Check","5810.28",15,2540,"143.0",0.8436,0,0,"ANL-006","Yes","2024-01-03","Retail"
"ALT-00257872","v***@co***.com","West","Geographic Anomaly","36223.45",13,896,"41.0",0.9812,0,0,"ANL-018","No","2024-11-07","Premier"
"ALT-98259526","r***@ms***.com","West","Account Takeover","196246.78",19,2190,"258.0",0.7931,4,1,"ANL-018","No","2024-09-09","Retail"
"ALT-94958887","d***@gm***.com","West","Pattern Match","239969.42",2,1337,"285.0",0.8538,-1,1,"ANL-014","Yes","2024-05-01","Retail"
"ALT-94705516","s***@ao***.net","Southeast","Large Transaction","300010.28",2,165,"",0.242,5,0,"ANL-004","Yes","2024-04-21","Premier"
"ALT-94097499","r***@ms***.com","Southeast","Account Takeover","145831.3",8,2362,"",0.9606,2,1,"ANL-019","No","2024-10-28","Business"
"ALT-30972896","j***@ou***.org","West","Velocity Check","347490.95",5,2069,"307.0",0.1969,2,0,"ANL-012","Yes","2024-12-03","Premier"
"ALT-23091307","x***@co***.com","West","Account Takeover","",12,1106,"331.0",0.9514,6,0,"ANL-015","Yes","2024-08-31","Retail"
"ALT-56263689","n***@ms***.com","International","Velocity Check","389925.5",20,3203,"266.0",0.9948,5,0,"ANL-014","","2024-08-20","Retail"
"ALT-70283857","f***@ho***.com","International","Large Transaction","19809.42",1,1754,"210.0",0.7117,8,0,"ANL-004","No","2024-07-28","Premier"
"ALT-86527858","t***@ic***.com","Midwest","Account Takeover","240253.48",7,3032,"51.0",0.9811,5,0,"ANL-006","Pending","2024-08-14","Business"
"ALT-54973348","d***@ho***.org","Midwest","Velocity Check","52465.1",20,2353,"118.0",0.5695,4,0,"ANL-006","Pending","2024-02-10","Retail"
"ALT-43443757","z***@ao***.com","West","Velocity Check","121022.52",1,1939,"201.0",1.2864,-1,1,"ANL-018","No","2024-11-03","Premier"
"ALT-58441986","y***@ms***.net","West","Account Takeover","493331.3",3,371,"39.0",0.437,6,0,"ANL-013","No","2024-11-03","Business"
"ALT-65240415","u***@ms***.com","West","Account Takeover","71247.78",14,1881,"28.0",0.5936,0,0,"ANL-017","Yes","2024-01-04","Business"
"ALT-74733848","j***@ya***.net","West","Geographic Anomaly","249444.08",3,853,"259.0",0.0731,6,0,"ANL-011","No","2024-05-05","Business"
"ALT-42199330","d***@ou***.org","International","Geographic Anomaly","309077.87",12,384,"",1.1617,2,0,"ANL-006","Yes","2024-10-07","Premier"
"ALT-83301657","s***@at***.net","Southeast","Geographic Anomaly","351232.49",11,1932,"155.0",0.9812,8,0,"ANL-018","No","2024-05-22","Premier"
"ALT-12082677","l***@ho***.org","Southeast","Large Transaction","279824.35",12,2493,"117.0",0.1901,5,0,"ANL-020","Yes","2024-11-13","Premier"
"ALT-34540193","u***@ou***.com","Northeast","Large Transaction","4885.43",13,425,"2.0",0.7926,8,1,"ANL-015","Yes","2024-11-17","Retail"
"ALT-80262067","j***@ao***.com","Midwest","Velocity Check","163230.66",19,2209,"93.0",0.9079,4,0,"ANL-012","Yes","2024-10-12","Premier"
"ALT-24004991","g***@co***.net","Northeast","Pattern Match","258855.83",17,3250,"166.0",0.9437,6,0,"ANL-011","Yes","2024-04-16","Business"
"ALT-54788728","o***@co***.org","Midwest","Geographic Anomaly","43933.26",5,629,"350.0",0.9601,3,0,"ANL-018","Yes","2024-01-26","Business"
"ALT-74315274","v***@ic***.org","Midwest","Large Transaction","175313.47",10,895,"296.0",0.5215,6,0,"ANL-011","Yes","2024-04-04","Retail"
"ALT-20549329","s***@ho***.org","Southeast","Large Transaction","16601.56",1,2538,"258.0",0.9773,0,0,"ANL-012","Pending","2024-03-16","Premier"
"ALT-66851612","s***@co***.net","Midwest","Pattern Match","39289.26",18,3065,"81.0",0.7573,6,1,"ANL-014","Yes","2024-01-29","Premier"
"ALT-27530463","n***@ho***.com","Northeast","Velocity Check","198461.64",18,2375,"268.0",0.1617,7,0,"ANL-014","No","2024-11-30","Retail"
"ALT-74549904","k***@ou***.com","Northeast","Geographic Anomaly","66357.89",4,598,"235.0",0.4769,4,0,"ANL-011","Pending","2024-06-27","Business"
"ALT-53017426","w***@ve***.net","West","VEL","283770.43",18,3063,"321.0",0.7183,1,0,"ANL-020","Pending","2024-01-19","Premier"
"ALT-84145933","l***@ho***.org","Southeast","Geographic Anomaly","344732.49",1,2337,"311.0",0.2473,4,0,"ANL-008","No","2024-03-15","Retail"
"ALT-27279568","x***@co***.net","Northeast","Velocity Check","400293.35",9,593,"301.0",0.6406,5,0,"ANL-019","Pending","2024-01-17","Institutional"
"ALT-78339187","o***@at***.net","Midwest","Pattern Match","100075.13",1,1688,"357.0",0.6666,1,1,"ANL-018","Yes","2024-12-07","Business"
"ALT-85191088","y***@ic***.net","West","Pattern Match","83741.3",10,3645,"213.0",0.1627,5,0,"ANL-007","Yes","2024-10-22","Business"
"ALT-39822587","r***@ya***.com","Northeast","Geographic Anomaly","52283.93",17,573,"62.0",0.5651,5,1,"ANL-013","Yes","2024-11-04","Retail"
"ALT-13971870","u***@ao***.com","Midwest","Geographic Anomaly","318215.13",14,3426,"49.0",0.7716,0,0,"ANL-018","No","2024-06-01","Retail"
"ALT-72867908","i***@ho***.org","Northeast","Pattern Match","353237.87",8,2076,"127.0",0.4989,0,1,"ANL-009","No","2024-06-18","Institutional"
"ALT-74064039","g***@ic***.org","Northeast","Account Takeover","15793.08",18,3002,"223.0",0.0121,10,0,"ANL-012","Yes","2024-02-14","Retail"
"ALT-10651801","u***@ya***.org","Midwest","Velocity Check","468106.12",8,2091,"279.0",0.009,9,0,"ANL-015","Yes","2024-01-26","Premier"
"ALT-70462265","c***@gm***.org","Midwest","Geographic Anomaly","25985.65",2,1705,"294.0",0.357,2,0,"ANL-015","No","2024-02-25","Retail"
"ALT-67661825","u***@gm***.org","Midwest","Geographic Anomaly","270648.17",20,2471,"284.0",0.9262,9,1,"ANL-013","Yes","2024-08-01","Retail"
"ALT-12868230","s***@ve***.org","West","Large Transaction","354530.26",8,177,"277.0",0.2287,9,0,"ANL-001","No","2024-04-01","Retail"
"ALT-04786863","g***@gm***.org","International","Account Takeover","",13,529,"107.0",0.6344,2,0,"ANL-002","","2024-03-23","Business"
"ALT-37524310","i***@ms***.org","Midwest","Pattern Match","357043.47",18,1634,"146.0",0.2221,3,0,"ANL-010","No","2024-12-10","Institutional"
"ALT-69033119","p***@ho***.net","Southeast","Pattern Match","400864.04",6,966,"99.0",0.3217,1,1,"ANL-020","No","2024-05-25","Retail"
"ALT-07903067","m***@ou***.org","West","Large Transaction","169725.1",15,1518,"73.0",0.848,8,0,"ANL-001","Pending","2024-11-08","Retail"
"ALT-38302843","x***@ic***.com","Southeast","Velocity Check","-842.88",15,198,"122.0",0.7289,9,1,"ANL-017","No","2024-12-04","Retail"
"ALT-95995342","o***@ms***.org","Midwest","Pattern Match","40057.43",0,2658,"30.0",0.0954,10,0,"ANL-005","No","2024-12-20","Business"
"ALT-83644089","c***@ve***.net","Northeast","Account Takeover","447408.33",3,3649,"188.0",0.4287,6,0,"ANL-010","No","2024-12-24","Business"
"ALT-26870568","q***@gm***.org","Northeast","Velocity Check","273796.19",3,2890,"364.0",0.0292,6,0,"ANL-001","Yes","2024-10-31","Premier"
"ALT-56624628","h***@ao***.org","International","VEL","408648.89",6,853,"354.0",0.4809,5,1,"ANL-010","Yes","2024-10-20","Business"
"ALT-73342708","f***@ms***.com","West","VEL","226159.15",7,3589,"288.0",0.6624,2,0,"ANL-008","Yes","2024-10-14","Business"
"ALT-66882634","o***@ho***.com","West","Geographic Anomaly","321788.85",16,1538,"195.0",0.1185,5,1,"ANL-007","Yes","2024-03-31","Retail"
"ALT-35175183","s***@ao***.org","Southeast","Geographic Anomaly","263201.34",4,2070,"",0.2889,7,0,"ANL-011","No","2024-08-21","Institutional"
"ALT-04699013","e***@at***.net","Northeast","Large Transaction","365794.76",6,3184,"172.0",0.3978,7,0,"ANL-001","Pending","2024-10-23","Retail"
"ALT-98373540","b***@ou***.net","Northeast","Velocity Check","40815.0",19,1081,"335.0",0.9195,10,0,"ANL-009","Yes","2024-07-03","Retail"
"ALT-33173936","h***@ya***.net","Southeast","Large Transaction","30176.05",19,3138,"41.0",0.9933,8,0,"ANL-018","Yes","2024-01-19","Business"
"ALT-38546785","l***@ou***.com","Midwest","Account Takeover","123551.62",3,2890,"",0.0449,0,1,"ANL-017","Pending","2024-02-17","Business"
"ALT-44587717","v***@ou***.org","West","Velocity Check","79772.35",5,98,"23.0",0.761,0,1,"ANL-018","Yes","2024-06-02","Business"
"ALT-53556093","z***@co***.net","West","Large Transaction","435891.78",6,3216,"360.0",0.3717,2,1,"ANL-019","No","2024-06-14","Business"
"ALT-20489964","p***@at***.com","Southeast","VEL","109607.0",17,1904,"75.0",0.3925,2,1,"ANL-019","No","2024-07-07","Premier"
"ALT-23536937","b***@co***.com","International","Geographic Anomaly","487932.63",4,435,"48.0",0.7543,9,0,"ANL-005","No","2024-07-13","Retail"
"ALT-85477725","w***@ms***.org","West","Pattern Match","168447.9",19,637,"160.0",0.9184,7,0,"ANL-004","Yes","2024-02-04","Premier"
"ALT-22872808","i***@ic***.org","Midwest","Large Transaction","91058.97",2,3158,"313.0",0.9509,9,1,"ANL-002","Yes","2024-08-06","Business"
"ALT-01006231","r***@ao***.com","Midwest","VEL","394849.26",6,588,"118.0",0.5771,0,0,"ANL-015","Yes","2024-10-08","Business"
"ALT-20387509","m***@ve***.net","Southeast","Account Takeover","329353.89",13,344,"100.0",0.3571,1,1,"ANL-012","No","2024-02-03","Business"
"ALT-97700886","s***@ya***.org","Southeast","Large Transaction","249097.86",6,1318,"167.0",0.7875,1,1,"ANL-005","No","2024-05-29","Retail"
"ALT-00848408","i***@ve***.com","Southeast","Velocity Check","277681.78",4,1980,"290.0",0.251,2,0,"ANL-005","Yes","2024-08-29","Premier"
"ALT-62118233","q***@ve***.net","West","Large Transaction","359600.89",4,571,"156.0",0.5641,5,1,"ANL-009","No","2024-03-09","Business"
"ALT-98454615","l***@at***.net","Northeast","Velocity Check","114227.38",1,611,"7.0",0.3586,0,0,"ANL-012","Pending","2024-03-03","Retail"
"ALT-67933410","t***@gm***.org","Northeast","Velocity Check","498166.96",20,1728,"196.0",0.6566,1,0,"ANL-019","Yes","2024-12-21","Business"
"ALT-16668700","e***@at***.com","Northeast","Large Transaction","-3313.49",5,2291,"56.0",0.2404,0,0,"ANL-008","No","2024-05-20","Institutional"
"ALT-21765918","h***@ya***.org","Northeast","Large Transaction","325162.85",14,1855,"",0.1916,4,0,"ANL-008","No","2024-06-17","Business"
"ALT-03397401","u***@ic***.com","West","Pattern Match","99771.23",20,2609,"193.0",0.9182,6,0,"ANL-009","Yes","2024-09-26","Institutional"
"ALT-48902503","e***@ho***.com","West","Large Transaction","",9,960,"47.0",0.1018,7,0,"ANL-010","Yes","2024-07-30","Retail"
"ALT-92614293","l***@ao***.org","Midwest","Geographic Anomaly","36099.21",6,2080,"148.0",0.506,9,1,"ANL-003","No","2024-09-25","Retail"
"ALT-96856218","d***@ou***.net","Northeast","Geographic Anomaly","15326.26",4,2439,"",0.2209,0,1,"ANL-019","Pending","2024-04-17","Retail"
"ALT-50163159","z***@co***.org","Midwest","Velocity Check","128841.45",0,2325,"157.0",0.0389,6,0,"ANL-013","Pending","2024-12-22","Business"
"ALT-99650477","d***@at***.org","Midwest","Geographic Anomaly","231311.48",12,532,"202.0",0.036,4,0,"ANL-019","No","2024-04-17","Retail"
"ALT-35866296","p***@at***.com","Northeast","Velocity Check","434136.25",20,1178,"126.0",0.1752,9,1,"ANL-007","No","2024-11-09","Retail"
"ALT-19431142","s***@ho***.org","Midwest","Pattern Match","363584.54",17,2431,"305.0",0.8668,0,0,"ANL-003","Yes","2024-01-30","Institutional"
"ALT-62655110","n***@gm***.com","Southeast","Velocity Check","371353.26",12,1092,"294.0",0.2825,2,0,"ANL-011","No","2024-02-25","Premier"
"ALT-47541212","b***@ho***.org","Midwest","Large Transaction","212746.67",20,1902,"64.0",0.9505,6,0,"ANL-016","No","2024-10-19","Premier"
"ALT-67888610","s***@ho***.com","Midwest","Velocity Check","172967.5",20,884,"325.0",0.5816,9,0,"ANL-006","Yes","2024-11-18","Retail"
"ALT-15819956","u***@ms***.com","Northeast","Pattern Match","185519.39",17,2262,"176.0",0.4366,0,0,"ANL-016","No","2024-09-27","Retail"
"ALT-04661839","s***@ho***.com","Southeast","Geographic Anomaly","493824.78",4,1679,"116.0",0.5801,6,1,"ANL-019","No","2024-02-14","Retail"
"ALT-82622444","f***@ic***.com","Midwest","Geographic Anomaly","20054.61",12,2424,"204.0",0.5167,4,0,"ANL-004","Yes","2024-09-04","Premier"
"ALT-72126464","q***@ve***.org","Midwest","Velocity Check","433515.75",3,2792,"321.0",0.7588,0,0,"ANL-020","Pending","2024-12-18","Institutional"
"ALT-71543799","s***@gm***.org","West","Account Takeover","289337.71",16,2261,"31.0",0.2825,0,0,"ANL-010","Yes","2024-11-05","Business"
"ALT-37124065","x***@ic***.com","West","Velocity Check","219307.72",2,2127,"113.0",0.3531,0,0,"ANL-002","Yes","2024-12-27","Retail"
"ALT-96575692","g***@at***.org","Northeast","Pattern Match","362628.83",16,1750,"365.0",0.8941,10,0,"ANL-019","Yes","2024-05-27","Business"
"ALT-45937526","p***@at***.com","Northeast","Velocity Check","243334.48",10,2676,"325.0",0.9465,8,1,"ANL-013","No","2024-08-06","Retail"
"ALT-83503056","h***@ve***.org","West","Velocity Check","436711.62",20,2652,"344.0",0.8926,10,1,"ANL-003","No","2024-11-07","Retail"
"ALT-65193982","e***@ao***.com","Northeast","Velocity Check","450350.93",19,782,"67.0",0.4194,2,0,"ANL-002","Yes","2024-06-11","Business"
"ALT-80737416","t***@ms***.net","Midwest","Large Transaction","210860.47",20,3453,"75.0",0.7804,4,1,"ANL-011","No","2024-05-12","Premier"
"ALT-72434266","f***@co***.net","International","Geographic Anomaly","138413.91",3,3049,"45.0",0.4763,10,1,"ANL-012","Yes","2024-09-26","Retail"
"ALT-17979688","t***@ao***.com","Midwest","Velocity Check","296175.17",1,2728,"260.0",0.4975,9,1,"ANL-014","No","2024-10-21","Retail"
"ALT-68058911","h***@ve***.net","Southeast","Account Takeover","456181.67",19,2106,"154.0",0.2047,8,0,"ANL-014","No","2024-11-15","Institutional"
"ALT-35290965","e***@ya***.com","West","Large Transaction","105331.1",15,3098,"155.0",0.5911,5,0,"ANL-004","Yes","2024-06-30","Retail"
"ALT-61014388","g***@ms***.org","Midwest","Geographic Anomaly","311483.3",17,881,"363.0",0.1861,8,0,"ANL-008","Pending","2024-03-07","Retail"
"ALT-89937567","v***@ve***.com","Midwest","Large Transaction","-3506.48",7,447,"234.0",0.3316,7,0,"ANL-020","Yes","2024-11-10","Retail"
"ALT-92832764","t***@ya***.com","International","Large Transaction","366556.51",2,2114,"51.0",0.855,7,0,"ANL-001","Yes","2024-10-15","Retail"
"ALT-61125457","p***@ao***.org","Southeast","Geographic Anomaly","65783.85",8,1784,"306.0",0.2071,0,0,"ANL-013","No","09/11/2024","Retail"
"ALT-38757177","b***@ms***.org","International","Velocity Check","357912.49",19,1278,"262.0",0.0712,8,1,"ANL-002","Pending","2024-09-23","Premier"
"ALT-51401051","y***@ya***.com","International","Velocity Check","454516.26",5,1992,"315.0",0.069,5,1,"ANL-010","Yes","2024-11-19","Retail"
"ALT-23828258","p***@ho***.org","Northeast","Pattern Match","89841.56",9,1068,"125.0",0.9408,8,1,"ANL-017","Yes","2024-09-11","Business"
"ALT-67362266","r***@gm***.org","Northeast","Pattern Match","118771.67",20,3169,"245.0",0.5069,2,0,"ANL-002","Yes","2024-09-09","Business"
"ALT-23511615","u***@ve***.org","Northeast","Large Transaction","485697.55",9,1578,"30.0",0.4094,2,0,"ANL-011","No","04/02/2024","Business"
"ALT-33419182","n***@co***.com","Northeast","Large Transaction","90488.48",12,1012,"122.0",0.8109,5,0,"ANL-018","Yes","2024-11-08","Premier"
"ALT-55371478","w***@ms***.net","Northeast","Geographic Anomaly","427192.55",16,2275,"125.0",0.8358,8,0,"ANL-019","No","2024-04-29","Premier"
"ALT-59696915","h***@at***.net","West","Large Transaction","246138.93",8,774,"37.0",0.3322,6,0,"ANL-005","Pending","2024-12-28","Retail"
"ALT-57924991","l***@ao***.org","Northeast","Velocity Check","123615.54",16,2727,"170.0",0.6936,2,0,"ANL-011","No","2024-05-28","Premier"
"ALT-25134125","y***@ao***.com","Southeast","Velocity Check","435374.95",8,3508,"124.0",0.7711,2,0,"ANL-017","Yes","2024-04-09","Business"
"ALT-28669296","n***@ho***.net","West","Account Takeover","222652.63",8,1815,"357.0",0.6547,1,1,"ANL-008","Yes","2024-01-01","Institutional"
"ALT-62782827","p***@ou***.com","Northeast","Geographic Anomaly","257408.68",0,2649,"",0.1516,8,0,"ANL-005","Yes","2024-03-01","Business"
"ALT-10433218","j***@ao***.org","West","Velocity Check","179616.69",1,2427,"87.0",0.8759,2,1,"ANL-002","Pending","2024-01-13","Institutional"
"ALT-07236887","n***@ic***.com","Southeast","Velocity Check","296475.43",15,1202,"134.0",0.5391,10,0,"ANL-013","Yes","2024-08-26","Premier"
"ALT-67677219","a***@gm***.org","Northeast","Velocity Check","81761.94",0,1451,"196.0",0.2825,4,0,"ANL-015","Yes","2024-11-16","Retail"
"ALT-03404384","q***@ya***.org","West","Geographic Anomaly","195540.77",9,2757,"274.0",0.4252,8,0,"ANL-020","No","2024-03-01","Business"
"ALT-27978819","a***@ve***.org","Midwest","Velocity Check","484706.16",17,307,"201.0",0.0376,7,0,"ANL-019","Yes","2024-04-16","Institutional"
"ALT-14858078","g***@co***.net","International","Velocity Check","129066.72",7,779,"285.0",0.1279,1,0,"ANL-017","No","2024-11-11","Premier"
"ALT-36134074","l***@ya***.com","West","Account Takeover","328368.34",20,2552,"77.0",0.7655,2,0,"ANL-003","Yes","2024-07-31","Retail"
"ALT-51713395","n***@ao***.net","West","Velocity Check","162595.04",10,2316,"59.0",0.0,1,0,"ANL-008","Pending","2024-07-30","Premier"
"ALT-96292330","i***@ms***.net","Southeast","Geographic Anomaly","386736.57",1,8,"126.0",0.4166,7,0,"ANL-014","Pending","2024-01-24","Retail"
"ALT-95849825","s***@co***.org","Northeast","Velocity Check","65436.84",7,2556,"109.0",0.5225,5,0,"ANL-010","No","2024-06-19","Retail"
"ALT-44948126","i***@ve***.com","West","Velocity Check","484910.52",7,476,"224.0",0.0546,-1,1,"ANL-013","Pending","2024-06-28","Business"
"ALT-03413164","n***@ms***.org","West","Velocity Check","226894.78",16,1321,"278.0",0.9731,8,0,"ANL-005","Yes","2024-10-13","Retail"
"ALT-67294667","p***@ho***.net","International","Account Takeover","",14,2212,"68.0",0.2261,7,1,"ANL-005","No","2024-11-22","Premier"
"ALT-11684577","r***@ms***.net","Southeast","Pattern Match","36748.38",16,485,"",0.3042,3,0,"ANL-011","No","2024-04-18","Retail"
"ALT-59017518","i***@ic***.org","Southeast","Account Takeover","84878.96",12,3144,"165.0",0.3039,3,1,"ANL-003","No","2024-01-06","Premier"
"ALT-63637454","l***@ve***.org","West","Large Transaction","259886.98",18,2615,"305.0",0.2304,8,1,"ANL-016","Yes","2024-11-23","Retail"
"ALT-58929750","e***@ya***.org","Southeast","Geographic Anomaly","168501.59",4,905,"",0.0015,0,0,"ANL-019","Yes","2024-04-13","Retail"
"ALT-01701277","h***@at***.org","International","Velocity Check","414441.68",11,559,"365.0",0.7293,1,0,"ANL-002","Yes","2024-12-19","Retail"
"ALT-18495931","f***@ya***.com","West","Large Transaction","215443.77",0,1968,"342.0",0.9668,1,1,"ANL-018","Yes","2024-05-24","Retail"
"ALT-54152064","q***@ve***.net","Midwest","Pattern Match","124357.14",4,2286,"309.0",0.2243,5,0,"ANL-013","Yes","2024-05-10","Retail"
"ALT-36110371","z***@ms***.org","West","Velocity Check","308572.5",7,1128,"343.0",0.663,3,0,"ANL-009","No","2024-02-04","Retail"
"ALT-29387005","w***@gm***.com","West","Velocity Check","353388.61",12,1234,"42.0",0.7419,10,0,"ANL-003","Yes","2024-06-06","Business"
"ALT-16271361","m***@gm***.com","Northeast","Velocity Check","83520.96",7,2602,"354.0",0.8484,9,1,"ANL-013","Yes","2024-06-02","Retail"
"ALT-11554262","e***@at***.org","International","Velocity Check","83809.62",10,2876,"109.0",0.4226,2,1,"ANL-017","No","2024-09-16","Business"
"ALT-21890927","n***@ya***.com","Midwest","Velocity Check","18335.72",0,468,"51.0",0.3029,2,0,"ANL-014","No","2024-10-08","Retail"
"ALT-53269731","i***@ou***.net","West","Geographic Anomaly","368201.01",12,3526,"250.0",0.3253,2,0,"ANL-005","Pending","2024-06-14","Premier"
"ALT-12196565","c***@ao***.com","Southeast","Large Transaction","331902.27",18,3340,"341.0",0.7126,5,0,"ANL-005","No","2024-01-04","Institutional"
"ALT-23413899","x***@ve***.net","International","Pattern Match","237315.44",2,2434,"21.0",0.8168,7,0,"ANL-016","Yes","2024-02-28","Business"
"ALT-94043898","t***@ms***.net","Southeast","Account Takeover","422085.23",16,2823,"300.0",0.1816,10,1,"ANL-018","Pending","2024-12-17","Retail"
"ALT-36403761","w***@ao***.com","Northeast","Large Transaction","",4,848,"139.0",0.3709,6,0,"ANL-007","No","2024-06-19","Retail"
"ALT-59407816","y***@ho***.org","International","Large Transaction","292677.19",19,2435,"359.0",0.9019,3,0,"ANL-016","Yes","2024-06-23","Institutional"
"ALT-26965827","p***@at***.com","Northeast","Large Transaction","434135.64",20,2925,"324.0",0.8067,10,0,"ANL-013","No","2024-07-21","Retail"
"ALT-10910430","g***@ms***.net","Southeast","Geographic Anomaly","102920.61",7,259,"92.0",0.9849,3,1,"ANL-019","Pending","2024-10-18","Retail"
"ALT-06848666","g***@gm***.org","International","Large Transaction","55959.82",13,283,"280.0",0.7542,10,0,"ANL-007","Yes","2024-11-11","Retail"
"ALT-18892414","q***@ms***.org","International","Geographic Anomaly","134874.81",3,1650,"125.0",0.3932,-1,0,"ANL-018","Yes","2024-01-15","Retail"
"ALT-18328569","h***@ao***.com","Midwest","VEL","28543.44",10,1899,"111.0",0.5906,10,0,"ANL-020","Yes","2024-03-30","Retail"
"ALT-14630316","v***@gm***.net","Midwest","Geographic Anomaly","265584.77",19,40,"354.0",0.661,10,0,"ANL-017","Yes","2024-04-09","Premier"
"ALT-17990421","h***@gm***.com","Midwest","Large Transaction","468302.85",14,2534,"139.0",0.0785,10,0,"ANL-008","Yes","2024-06-18","Retail"
"ALT-02027588","c***@ic***.net","Southeast","Large Transaction","19671.78",18,2977,"273.0",0.5445,1,0,"ANL-008","No","2024-06-22","Business"
"ALT-75255341","l***@ve***.net","Southeast","Pattern Match","61054.97",6,2268,"99.0",0.7093,-1,0,"ANL-003","Yes","2024-12-10","Retail"
"ALT-64814917","s***@ou***.org","West","Account Takeover","226099.52",18,3201,"252.0",0.1673,8,1,"ANL-009","Pending","2024-09-02","Retail"
"ALT-41395376","a***@ya***.com","West","Velocity Check","466937.51",18,1015,"338.0",0.7806,1,1,"ANL-014","No","2024-08-30","Institutional"
"ALT-24191380","r***@ic***.org","West","Pattern Match","158078.06",10,3072,"104.0",0.5838,7,1,"ANL-011","No","2024-01-19","Retail"
"ALT-00307562","r***@ao***.net","West","Large Transaction","253617.41",4,3592,"214.0",0.9522,8,0,"ANL-019","Pending","2024-11-26","Premier"
"ALT-20863536","l***@ic***.com","Northeast","Pattern Match","20786.44",4,613,"249.0",0.0424,3,1,"ANL-003","Yes","2024-03-10","Business"
"ALT-54195180","t***@ou***.net","Midwest","Account Takeover","74171.61",7,2976,"152.0",0.2653,7,0,"ANL-004","No","2024-09-03","Retail"
"ALT-23806174","m***@ao***.com","Northeast","Large Transaction","493315.06",9,1916,"250.0",0.6016,8,0,"ANL-014","No","2024-03-20","Institutional"
"ALT-45187053","i***@ho***.net","Midwest","Velocity Check","482559.35",5,688,"275.0",0.2966,9,0,"ANL-014","Pending","2024-11-17","Retail"
"ALT-49493759","q***@ya***.org","Midwest","Large Transaction","2470.0",14,613,"165.0",0.7144,9,0,"ANL-012","No","2024-08-23","Premier"
"ALT-73832060","c***@ms***.net","International","Geographic Anomaly","475905.89",15,2308,"341.0",0.759,4,0,"ANL-012","Yes","2024-10-01","Retail"
"ALT-38505064","k***@ya***.org","Southeast","Geographic Anomaly","319559.97",16,3038,"8.0",0.1025,6,0,"ANL-007","Pending","2024-06-20","Premier"
"ALT-13836702","i***@ms***.org","Northeast","Large Transaction","433959.15",7,3014,"",0.5139,9,0,"ANL-011","Yes","2024-08-24","Retail"
"ALT-41038657","i***@at***.net","Northeast","Velocity Check","227369.93",7,2414,"5.0",0.5089,3,0,"ANL-012","Pending","2024-07-30","Business"
"ALT-19182619","s***@at***.com","West","Account Takeover","257798.02",8,1782,"145.0",0.3693,0,0,"ANL-020","Pending","2024-01-29","Premier"
"ALT-90623445","y***@co***.net","Midwest","Pattern Match","244423.3",1,1811,"101.0",0.9329,2,0,"ANL-001","Yes","2024-09-23","Institutional"
"ALT-65574313","v***@at***.org","Northeast","Geographic Anomaly","333432.13",14,2592,"164.0",0.8275,4,0,"ANL-010","No","2024-06-02","Institutional"
"ALT-29121277","a***@at***.com","Northeast","VEL","69825.64",17,2697,"147.0",0.6972,-1,1,"ANL-006","Yes","2024-10-16","Premier"
"ALT-56185374","i***@ya***.net","West","Large Transaction","14986.8",2,1548,"64.0",0.7143,10,1,"ANL-012","Yes","2024-12-13","Premier"
"ALT-74112490","u***@ou***.org","Northeast","Velocity Check","153964.98",16,1931,"91.0",0.4617,6,0,"ANL-020","No","2024-06-10","Retail"
"ALT-35213568","w***@ou***.net","West","Pattern Match","352340.38",3,2862,"117.0",0.921,8,0,"ANL-015","No","2024-10-11","Retail"
"ALT-04420678","n***@co***.org","West","Velocity Check","100926.73",3,3088,"354.0",0.6946,5,0,"ANL-020","Pending","2024-10-01","Retail"
"ALT-83171210","r***@gm***.org","Northeast","Geographic Anomaly","336716.22",13,1153,"267.0",0.729,9,1,"ANL-005","No","2024-01-10","Retail"
"ALT-03236519","i***@ou***.net","Northeast","Large Transaction","484956.02",8,575,"",0.8617,0,0,"ANL-015","No","2024-04-16","Retail"
"ALT-94101372","c***@ve***.org","International","Geographic Anomaly","46950.37",8,3181,"173.0",0.2741,6,0,"ANL-002","Pending","2024-10-22","Business"
"ALT-15107029","x***@co***.com","Southeast","Geographic Anomaly","336301.06",17,1911,"47.0",1.3518,2,0,"ANL-008","Pending","2024-12-16","Retail"
"ALT-66706625","r***@ho***.net","Southeast","Account Takeover","221875.12",9,1013,"140.0",0.1952,4,0,"ANL-007","","2024-06-18","Business"
"ALT-32447209","k***@co***.com","West","VEL","434071.13",20,3605,"246.0",0.3453,9,0,"ANL-012","Pending","2024-06-30","Retail"
"ALT-99347687","s***@ic***.com","International","Velocity Check","88574.9",3,670,"149.0",1.3216,3,1,"ANL-005","Yes","2024-02-03","Retail"
"ALT-01462638","x***@ou***.net","International","Velocity Check","346312.98",11,269,"246.0",0.9785,9,0,"ANL-003","Pending","2024-03-17","Business"
"ALT-38065787","x***@ou***.com","West","Pattern Match","419057.65",7,3234,"5.0",0.8565,4,0,"ANL-004","Yes","2024-05-23","Premier"
"ALT-59856420","x***@ou***.net","Southeast","Pattern Match","472307.11",1,1284,"184.0",0.7012,4,1,"ANL-002","Yes","2024-01-16","Premier"
"ALT-59304078","g***@ou***.com","Northeast","Geographic Anomaly","",999,924,"20.0",0.7271,5,1,"ANL-008","Yes","2024-06-22","Business"
"ALT-59321334","h***@ao***.net","West","Geographic Anomaly","248587.39",20,1126,"46.0",0.5621,9,0,"ANL-020","No","2024-07-11","Retail"
"ALT-80396522","e***@ya***.com","Midwest","Geographic Anomaly","308923.62",15,1530,"12.0",0.9471,9,0,"ANL-005","Yes","2024-11-16","Business"
"ALT-39559059","c***@at***.org","Midwest","Velocity Check","434452.49",1,1759,"70.0",0.4963,10,0,"ANL-010","Yes","2024-09-30","Retail"
"ALT-92937842","a***@ms***.com","International","Pattern Match","285304.88",10,1595,"",0.3805,5,1,"ANL-001","No","2024-03-25","Retail"
"ALT-70103930","p***@co***.org","Northeast","Large Transaction","15193.54",9,247,"147.0",0.163,7,0,"ANL-011","Pending","2024-10-19","Business"
"ALT-87059325","k***@at***.org","Midwest","Large Transaction","465474.35",14,1561,"154.0",0.7862,7,1,"ANL-004","Yes","2024-11-06","Retail"
"ALT-25002921","i***@at***.com","Northeast","Geographic Anomaly","344763.38",16,2179,"304.0",0.7344,10,0,"ANL-010","Yes","2024-07-18","Retail"
"ALT-85156915","y***@ms***.net","Midwest","Velocity Check","338256.7",7,2401,"108.0",0.3844,8,0,"ANL-015","Yes","2024-04-05","Institutional"
"ALT-45226752","m***@ou***.org","Northeast","Velocity Check","107837.58",17,2244,"236.0",0.0252,7,0,"ANL-016","Yes","2024-10-31","Institutional"
"ALT-89539264","e***@gm***.org","Northeast","Account Takeover","329442.74",8,1940,"308.0",0.839,10,0,"ANL-001","Pending","2024-02-29","Retail"
"ALT-42209690","z***@ve***.net","Northeast","Velocity Check","196932.21",7,930,"352.0",0.0114,1,0,"ANL-011","Pending","2024-06-06","Retail"
"ALT-29593917","r***@gm***.org","West","Geographic Anomaly","325616.49",13,3454,"70.0",0.7037,9,0,"ANL-007","No","2024-12-27","Retail"
"ALT-25135521","l***@ve***.org","West","Velocity Check","",17,3070,"183.0",0.9703,10,0,"ANL-018","Yes","2024-06-10","Retail"
"ALT-57043315","y***@ho***.net","Midwest","Large Transaction","328922.66",19,2693,"250.0",0.4377,0,1,"ANL-007","No","2024-12-29","Institutional"
"ALT-79402654","d***@ms***.net","International","VEL","499706.86",19,227,"228.0",0.235,9,0,"ANL-007","No","2024-01-17","Retail"
"ALT-67658617","k***@gm***.com","Southeast","Large Transaction","24106.03",20,2749,"102.0",0.7049,1,1,"ANL-018","Pending","2024-05-19","Premier"
"ALT-93271040","v***@ou***.net","Southeast","Account Takeover","488587.09",11,3548,"75.0",0.8171,1,0,"ANL-017","No","2024-07-30","Retail"
"ALT-54115262","s***@ya***.net","International","Large Transaction","203453.99",18,3549,"216.0",0.5464,2,0,"ANL-009","No","2024-02-14","Institutional"
"ALT-18159970","l***@ao***.net","Southeast","Geographic Anomaly","435376.73",13,265,"203.0",1.228,9,0,"ANL-018","No","2024-09-11","Retail"
"ALT-62962015","f***@ms***.net","International","Large Transaction","391192.74",16,1396,"192.0",0.0517,6,0,"ANL-016","Yes","2024-05-01","Premier"
"ALT-33688444","h***@ic***.net","Northeast","Geographic Anomaly","283508.13",20,3558,"249.0",0.5048,1,1,"ANL-020","Pending","2024-07-09","Retail"
"ALT-31069872","t***@co***.net","International","Pattern Match","369224.61",2,1458,"242.0",0.7185,0,0,"ANL-005","No","2024-08-19","Business"
"ALT-05061497","f***@at***.net","Northeast","Account Takeover","439257.78",6,646,"179.0",0.8626,5,0,"ANL-001","No","2024-06-03","Retail"
"ALT-31032417","g***@ve***.org","International","Velocity Check","202070.17",16,2259,"219.0",0.1793,8,0,"ANL-013","Yes","2024-04-20","Retail"
"ALT-14677418","y***@co***.net","Midwest","Velocity Check","163516.59",11,3644,"82.0",0.8,2,0,"ANL-019","No","2024-09-25","Institutional"
"ALT-62565270","m***@ic***.net","International","VEL","333796.7",8,3449,"92.0",0.5527,5,0,"ANL-017","No","2024-06-03","Institutional"
"ALT-47743490","f***@ao***.com","Northeast","Geographic Anomaly","403922.97",14,1419,"",0.3966,2,1,"ANL-002","Yes","2024-03-30","Premier"
"ALT-21158693","s***@ou***.com","Midwest","Velocity Check","381142.57",17,1474,"239.0",0.1317,0,1,"ANL-009","Yes","2024-02-27","Business"
"ALT-80686879","x***@ic***.com","International","Large Transaction","398906.83",20,2991,"260.0",1.2665,4,0,"ANL-006","No","2024-07-10","Premier"
"ALT-37416089","r***@ve***.net","Midwest","Geographic Anomaly","217791.66",999,1388,"365.0",0.1573,9,0,"ANL-002","No","2024-01-20","Retail"
"ALT-89921722","g***@ho***.org","Midwest","Large Transaction","408917.11",20,1900,"163.0",0.3098,10,0,"ANL-010","No","2024-04-13","Retail"
"ALT-89083863","e***@at***.com","West","Account Takeover","60104.54",7,2505,"48.0",0.29,3,0,"ANL-007","Yes","2024-02-17","Retail"
"ALT-19600133","f***@ve***.net","Midwest","Velocity Check","272244.55",13,2773,"329.0",0.8714,6,0,"ANL-020","No","2024-08-15","Business"
"ALT-68548709","e***@ms***.org","Midwest","Velocity Check","2879.34",7,1250,"328.0",0.6727,5,0,"ANL-009","Yes","2024-09-16","Retail"
"ALT-98616229","x***@co***.net","Midwest","Account Takeover","162292.92",13,982,"116.0",0.7967,9,0,"ANL-002","Yes","2024-01-13","Retail"
"ALT-99119148","j***@ic***.org","International","Large Transaction","183230.77",6,1155,"337.0",0.2505,6,0,"ANL-015","Yes","2024-09-04","Business"
"ALT-56467997","s***@gm***.net","Northeast","Geographic Anomaly","198086.35",11,588,"337.0",0.6249,4,0,"ANL-001","Yes","2024-09-13","Premier"
"ALT-02462996","d***@ho***.com","Southeast","Large Transaction","347733.61",10,476,"225.0",0.5717,3,0,"ANL-003","Yes","2024-03-19","Retail"
"ALT-06530745","g***@ic***.net","International","Velocity Check","",10,1822,"352.0",0.8328,6,0,"ANL-013","Yes","2024-04-07","Retail"
"ALT-05444713","u***@ya***.net","International","VEL","224346.82",12,986,"328.0",0.9061,6,0,"ANL-009","Yes","2024-06-23","Retail"
"ALT-24754691","x***@co***.net","Midwest","Account Takeover","118772.07",17,3349,"147.0",0.0122,5,1,"ANL-012","Yes","2024-09-04","Retail"
"ALT-37367850","l***@co***.org","Midwest","Geographic Anomaly","186625.9",1,2204,"63.0",0.674,7,0,"ANL-004","No","2024-09-25","Retail"
"ALT-82148628","r***@ic***.net","Southeast","Large Transaction","113634.82",20,1242,"294.0",0.0518,3,0,"ANL-001","No","2024-06-07","Business"
"ALT-90233030","a***@ve***.com","Northeast","Geographic Anomaly","36597.97",14,190,"323.0",0.5489,9,0,"ANL-010","Yes","2024-06-16","Business"
"ALT-70534578","l***@ao***.com","Midwest","Large Transaction","301724.3",19,1441,"325.0",0.2876,4,1,"ANL-013","Pending","2024-03-14","Business"
"ALT-61035797","s***@ao***.org","Southeast","Velocity Check","334106.4",17,981,"13.0",0.3068,3,0,"ANL-008","Yes","2024-02-20","Retail"
"ALT-27985524","u***@ms***.com","Midwest","Pattern Match","309745.18",14,1699,"189.0",0.353,0,0,"ANL-013","No","2024-09-21","Premier"
"ALT-14060293","y***@ic***.net","Northeast","Velocity Check","231747.03",18,1716,"287.0",0.6213,7,0,"ANL-017","Yes","2024-12-12","Retail"
"ALT-33346800","k***@ms***.net","International","Pattern Match","189892.9",11,2594,"208.0",0.334,0,1,"ANL-004","Yes","2024-03-08","Business"
"ALT-72290349","y***@at***.com","International","Large Transaction","431666.83",12,41,"114.0",1.3192,4,1,"ANL-011","No","2024-04-15","Premier"
